	not-preterm	preterm
f1-score	0.964508665473436	0.8866898954703832
precision	0.9773511457135274	0.8509898341359016
recall	0.9519993105825577	0.925516438754728
support	11604.0	3437.0
